"","MajorBasin","value.Min.","value.1st Qu.","value.Median","value.Mean","value.3rd Qu.","value.Max.","# of Samples"
"1","Connecticut",0.003000000,0.003000000,0.006000000,0.006968326,0.008000000,0.053000000, 221
"2","Housatonic",0.003000000,0.004000000,0.007000000,0.008231250,0.010000000,0.036000000, 160
"3","Hudson",0.003000000,0.003750000,0.008000000,0.007750000,0.012000000,0.012000000,   4
"4","Pawcatuck",0.003000000,0.004000000,0.004000000,0.004428571,0.005000000,0.008000000,  14
"5","South Central Coast",0.003000000,0.004000000,0.007000000,0.044655172,0.013000000,1.460000000,  87
"6","Southeast Coast",0.003000000,0.004000000,0.006000000,0.006687500,0.008000000,0.023000000,  16
"7","Southwest Coast",0.003000000,0.004000000,0.005000000,0.008897959,0.010000000,0.049000000,  49
"8","Thames",0.003000000,0.003000000,0.004000000,0.019315315,0.008500000,0.256000000, 111
"9","Total",0.003000000,0.004000000,0.006000000,0.014383686,0.009000000,1.460000000,1352
