"MajorBasin","value.Min.","value.1st Qu.","value.Median","value.Mean","value.3rd Qu.","value.Max.","# of Samples"
"Connecticut",0.0510000,0.2245000,0.3515000,0.5640097,0.6480000,5.8300000, 412
"Housatonic",0.0180000,0.2660000,0.4425000,0.5519667,0.7117500,2.8600000, 330
"Hudson",0.1240000,0.2332500,0.5360000,0.4932500,0.7212500,0.8360000,   8
"Pawcatuck",0.1810000,0.2782500,0.3705000,0.3957895,0.4562500,0.8650000,  38
"South Central Coast",0.0860000,0.4430000,0.9810000,0.9439124,1.2650000,2.5260000, 137
"Southeast Coast",0.1690000,0.4135000,0.5220000,0.7714571,0.8210000,4.6160000,  35
"Southwest Coast",0.1010000,0.3307500,0.4860000,0.5863482,0.7150000,1.8330000, 112
"Thames",0.0700000,0.2900000,0.4510000,0.6376179,0.6745000,6.6250000, 280
"Total",0.0180000,0.2740000,0.4410000,0.6168846,0.7507500,6.6250000,1352
