"","MajorBasin","value.Min.","value.1st Qu.","value.Median","value.Mean","value.3rd Qu.","value.Max.","# of Samples"
"1","Connecticut", 0.200000, 0.800000, 1.200000, 2.234490, 2.125000,50.000000, 412
"2","Housatonic", 0.200000, 1.100000, 1.600000, 2.584742, 2.900000,34.000000, 329
"3","Hudson", 0.400000, 1.300000, 1.800000, 3.412500, 6.475000, 7.600000,   8
"4","Pawcatuck", 0.500000, 0.900000, 1.200000, 1.478947, 1.675000, 4.000000,  38
"5","South Central Coast", 0.500000, 1.400000, 2.100000, 3.135766, 3.800000,28.200000, 137
"6","Southeast Coast", 0.400000, 1.000000, 1.400000, 1.868571, 2.150000,11.400000,  35
"7","Southwest Coast", 0.400000, 0.900000, 1.500000, 1.995804, 2.625000, 7.700000, 112
"8","Thames", 0.400000, 1.200000, 1.600000, 2.191607, 2.600000,10.200000, 280
"9","Total", 0.200000, 1.000000, 1.600000, 2.358749, 2.700000,50.000000,1352
